iter	TotalF1	CrossEntropy
0	0.5705443981	0.6778157143
1	0.6434676435	0.655211527
2	0.6434676435	0.6450986185
3	0.6434676435	0.6409720584
4	0.6434676435	0.6364087836
5	0.6434676435	0.6345654956
6	0.6434676435	0.6333063159
7	0.6515003674	0.6290593086
8	0.6515003674	0.6276523594
9	0.6515003674	0.624436642
10	0.6515003674	0.6225400654
11	0.6515003674	0.6202092949
12	0.6515003674	0.6182968725
13	0.6515003674	0.6179214657
14	0.6515003674	0.6153390075
15	0.6515003674	0.6132628581
16	0.6515003674	0.6121667672
17	0.6515003674	0.61187144
18	0.6515003674	0.6116832861
19	0.6515003674	0.6115035982
20	0.6515003674	0.610956055
21	0.6515003674	0.6108762214
22	0.6515003674	0.6102450997
23	0.6515003674	0.6101886761
24	0.6515003674	0.6101244722
25	0.6515003674	0.609863878
26	0.6515003674	0.6097966803
27	0.6515003674	0.6097530132
28	0.6515003674	0.6093255168
29	0.6515003674	0.6090817617
30	0.6515003674	0.6090421143
31	0.6515003674	0.60899181
32	0.6155223065	0.6084646888
33	0.6155223065	0.6084258874
34	0.6515003674	0.6083908651
35	0.6515003674	0.6083860278
36	0.6155223065	0.6082503458
37	0.6515003674	0.6078261452
38	0.6515003674	0.6077375842
39	0.6515003674	0.6076686701
40	0.6515003674	0.6076022238
41	0.6155223065	0.6073620706
42	0.6155223065	0.6072296959
43	0.6155223065	0.6071951505
44	0.6515003674	0.6063950975
45	0.6515003674	0.6063659108
46	0.6515003674	0.6063386819
47	0.6515003674	0.6063126838
48	0.6515003674	0.6062575952
49	0.6515003674	0.6056827053
50	0.6515003674	0.6055682521
51	0.6515003674	0.605489763
52	0.6515003674	0.6050624545
53	0.6515003674	0.6050125593
54	0.6515003674	0.6049431914
55	0.6515003674	0.604862101
56	0.6515003674	0.6048162855
57	0.6515003674	0.6048160376
58	0.6515003674	0.604761806
59	0.6515003674	0.6047303168
60	0.6515003674	0.6047028722
61	0.6515003674	0.6046802946
62	0.6515003674	0.604655462
63	0.6515003674	0.6046269599
64	0.6515003674	0.6046086682
65	0.6515003674	0.604590184
66	0.6155223065	0.6045675939
67	0.6155223065	0.604530512
68	0.6155223065	0.6045099404
69	0.6155223065	0.6045054419
70	0.6155223065	0.604487493
71	0.6515003674	0.6041343738
72	0.6515003674	0.604116183
73	0.6515003674	0.6039916091
74	0.6515003674	0.6039588692
75	0.6155223065	0.6039385273
76	0.6515003674	0.6036828219
77	0.6515003674	0.6036249739
78	0.6515003674	0.6036128018
79	0.6515003674	0.6036122813
80	0.6515003674	0.6035925047
81	0.6515003674	0.6035747228
82	0.6515003674	0.6035521463
83	0.6515003674	0.6035213384
84	0.6515003674	0.6035208882
85	0.6515003674	0.603501776
86	0.6515003674	0.6034525947
87	0.6515003674	0.60343954
88	0.6515003674	0.6034235758
89	0.6515003674	0.6034053917
90	0.6515003674	0.6033739032
91	0.6515003674	0.6033459382
92	0.6515003674	0.6033459226
93	0.6515003674	0.6033306276
94	0.6515003674	0.6033029872
95	0.6515003674	0.6032891554
96	0.6515003674	0.6031216913
97	0.6515003674	0.6031212846
98	0.6515003674	0.6031102013
99	0.6515003674	0.6030903887
100	0.6515003674	0.6030806631
101	0.6515003674	0.6030642401
102	0.6515003674	0.6029344981
103	0.6515003674	0.6029166667
104	0.6515003674	0.6029024439
105	0.6515003674	0.6029024365
106	0.6515003674	0.60289929
107	0.6515003674	0.6028859465
108	0.6515003674	0.6028627063
109	0.6515003674	0.6028529723
110	0.6515003674	0.6028306231
111	0.6515003674	0.6028306231
112	0.6515003674	0.6028306231
113	0.6515003674	0.6028306231
114	0.6515003674	0.6028306231
115	0.6515003674	0.602820008
116	0.6515003674	0.6026982732
117	0.6515003674	0.6026972107
118	0.6515003674	0.6026969918
119	0.6515003674	0.6026926908
120	0.6515003674	0.6026710825
121	0.6515003674	0.6026612572
122	0.6515003674	0.6026391382
123	0.6515003674	0.6026352316
124	0.6515003674	0.6026227629
125	0.6515003674	0.6025363755
126	0.6515003674	0.6024029456
127	0.6515003674	0.6024004615
128	0.6515003674	0.6023816712
129	0.6515003674	0.6023541871
130	0.6515003674	0.6023515514
131	0.6515003674	0.6023327919
132	0.6515003674	0.6023146787
133	0.6515003674	0.6023107648
134	0.6515003674	0.6023016794
135	0.6515003674	0.6022838054
136	0.6515003674	0.602266482
137	0.6515003674	0.6022647428
138	0.6515003674	0.6022057719
139	0.6515003674	0.6021959809
140	0.6515003674	0.6021788741
141	0.6515003674	0.6021664175
142	0.6515003674	0.6021486681
143	0.6515003674	0.6021484653
144	0.6515003674	0.6021317726
145	0.6515003674	0.6021271872
146	0.6515003674	0.6021110922
147	0.6515003674	0.6020955294
148	0.6515003674	0.6020803489
149	0.6515003674	0.6020676716
150	0.6515003674	0.6020613732
151	0.6515003674	0.6020579788
152	0.6515003674	0.6020431401
153	0.6515003674	0.6020006005
154	0.6515003674	0.6019956363
155	0.6515003674	0.6019802905
156	0.6515003674	0.601967822
157	0.6515003674	0.6019539408
158	0.6515003674	0.6019427678
159	0.6515003674	0.6019421518
160	0.6515003674	0.6019107487
161	0.6515003674	0.6018970907
162	0.6515003674	0.6018826738
163	0.6515003674	0.6018696327
164	0.6515003674	0.601856236
165	0.6515003674	0.6018433127
166	0.6515003674	0.6018425734
167	0.6515003674	0.6018374505
168	0.6515003674	0.6018250346
169	0.6515003674	0.6018242835
170	0.6515003674	0.6018132642
171	0.6515003674	0.6018108641
172	0.6515003674	0.6018105434
173	0.6515003674	0.6017996547
174	0.6515003674	0.6017903432
175	0.6515003674	0.6017861515
176	0.6515003674	0.6017761429
177	0.6515003674	0.6017662556
178	0.6515003674	0.6017604842
179	0.6515003674	0.601759891
180	0.6515003674	0.6017547793
181	0.6515003674	0.6017467073
182	0.6515003674	0.6017344039
183	0.6515003674	0.6017227246
184	0.6515003674	0.6017181023
185	0.6515003674	0.6017065788
186	0.6515003674	0.6017039439
187	0.6515003674	0.6016928713
188	0.6515003674	0.6016874057
189	0.6515003674	0.6016768183
190	0.6515003674	0.6016768183
191	0.6515003674	0.6016768183
192	0.6515003674	0.6016768183
193	0.6515003674	0.6016663002
194	0.6515003674	0.6016662919
195	0.6515003674	0.6016618791
196	0.6515003674	0.6016543889
197	0.6515003674	0.6016543889
198	0.6515003674	0.6016452178
199	0.6515003674	0.6016444564
200	0.6515003674	0.6016414169
201	0.6515003674	0.6016314128
202	0.6515003674	0.6016304743
203	0.6515003674	0.6016300279
204	0.6515003674	0.6016300279
205	0.6515003674	0.6016199116
206	0.6515003674	0.6016100392
207	0.6515003674	0.6016070298
208	0.6515003674	0.6016069659
209	0.6515003674	0.6015971374
210	0.6515003674	0.6015961581
211	0.6515003674	0.6015950204
212	0.6515003674	0.6015878632
213	0.6515003674	0.6015873342
214	0.6515003674	0.6015822405
215	0.6515003674	0.6015608271
216	0.6515003674	0.6015550385
217	0.6515003674	0.601550335
218	0.6515003674	0.601546998
219	0.6515003674	0.6015443125
220	0.6515003674	0.6015355615
221	0.6515003674	0.6015263577
222	0.6515003674	0.6015173178
223	0.6515003674	0.601514619
224	0.6515003674	0.6015070767
225	0.6515003674	0.6015013439
226	0.6515003674	0.6014926717
227	0.6515003674	0.6014913503
228	0.6515003674	0.6014913503
229	0.6515003674	0.6014904922
230	0.6515003674	0.6014818962
231	0.6515003674	0.6014734987
232	0.6515003674	0.6014648367
233	0.6515003674	0.6014576642
234	0.6515003674	0.6014415309
235	0.6515003674	0.6014340441
236	0.6515003674	0.6014338548
237	0.6515003674	0.6014319501
238	0.6515003674	0.6014310458
239	0.6515003674	0.601428923
240	0.6515003674	0.6014253804
241	0.6515003674	0.6014253804
242	0.6515003674	0.6014253804
243	0.6515003674	0.6014253804
244	0.6515003674	0.6014228066
245	0.6515003674	0.6014220452
246	0.6515003674	0.6014207749
247	0.6515003674	0.6014137075
248	0.6515003674	0.601406456
249	0.6515003674	0.6014015935
250	0.6515003674	0.6013991548
251	0.6515003674	0.6013963439
252	0.6515003674	0.6013958665
253	0.6515003674	0.6013891627
254	0.6515003674	0.6013883736
255	0.6515003674	0.6013883245
256	0.6515003674	0.6013853675
257	0.6515003674	0.6013835912
258	0.6515003674	0.6012855466
259	0.6515003674	0.6012792717
260	0.6515003674	0.6012790206
261	0.6515003674	0.6012759149
262	0.6515003674	0.6012721221
263	0.6515003674	0.6012721221
264	0.6515003674	0.601271995
265	0.6515003674	0.6012674842
266	0.6515003674	0.6012656384
267	0.6515003674	0.6012537229
268	0.6515003674	0.6012536745
269	0.6515003674	0.6012524224
270	0.6515003674	0.6012512448
271	0.6515003674	0.6012480851
272	0.6515003674	0.6012471529
273	0.6515003674	0.6012424931
274	0.6515003674	0.6012361809
275	0.6515003674	0.6011468231
276	0.6515003674	0.6011408927
277	0.6515003674	0.601138539
278	0.6515003674	0.6011380525
279	0.6515003674	0.6011300865
280	0.6515003674	0.6011233323
281	0.6515003674	0.6011162061
282	0.6515003674	0.6011154822
283	0.6515003674	0.6011119464
284	0.6515003674	0.6011105708
285	0.6515003674	0.6011098609
286	0.6515003674	0.6011091089
287	0.6515003674	0.6010246179
288	0.6515003674	0.6010167683
289	0.6515003674	0.6010088517
290	0.6515003674	0.6010086381
291	0.6515003674	0.6010021488
292	0.6515003674	0.6010014062
293	0.6515003674	0.6010005886
294	0.6515003674	0.6009987615
295	0.6515003674	0.6009984883
296	0.6515003674	0.6009968972
297	0.6515003674	0.6009959423
298	0.6515003674	0.6009959394
299	0.6515003674	0.6009929118
300	0.6515003674	0.6009908334
301	0.6515003674	0.6009085778
302	0.6515003674	0.6009048154
303	0.6515003674	0.6009045689
304	0.6515003674	0.600900297
305	0.6515003674	0.6008974028
306	0.6515003674	0.6008863794
307	0.6515003674	0.6008851076
308	0.6515003674	0.6008838414
309	0.6515003674	0.6008838405
310	0.6515003674	0.6008813242
311	0.6515003674	0.6008760402
312	0.6515003674	0.6008708009
313	0.6515003674	0.6008698627
314	0.6515003674	0.6008686046
315	0.6515003674	0.6008667097
316	0.6515003674	0.6008636465
317	0.6515003674	0.6008626124
318	0.6515003674	0.6008581211
319	0.6515003674	0.6008569948
320	0.6515003674	0.6008532777
321	0.6515003674	0.6008531229
322	0.6515003674	0.6008527225
323	0.6515003674	0.6008468076
324	0.6515003674	0.6008430872
325	0.6515003674	0.600838619
326	0.6515003674	0.6008355032
327	0.6515003674	0.6008351198
328	0.6515003674	0.6008314164
329	0.6515003674	0.6008302227
330	0.6515003674	0.6008295966
331	0.6515003674	0.6008289435
332	0.6515003674	0.600828398
333	0.6515003674	0.600826202
334	0.6515003674	0.6008256091
335	0.6515003674	0.6008222074
336	0.6515003674	0.6008188901
337	0.6515003674	0.6008185063
338	0.6515003674	0.6008174392
339	0.6515003674	0.6008172056
340	0.6515003674	0.6008159605
341	0.6515003674	0.6008127088
342	0.6515003674	0.6008126949
343	0.6515003674	0.6008121003
344	0.6515003674	0.6008117892
345	0.6515003674	0.6008069475
346	0.6515003674	0.600806943
347	0.6515003674	0.6008069385
348	0.6515003674	0.6008067451
349	0.6515003674	0.6008039113
350	0.6515003674	0.6008024169
351	0.6515003674	0.6007982433
352	0.6515003674	0.6007981947
353	0.6515003674	0.6007979871
354	0.6515003674	0.6007957681
355	0.6515003674	0.6007952157
356	0.6515003674	0.6007952135
357	0.6515003674	0.600793244
358	0.6515003674	0.6007917835
359	0.6515003674	0.6007915061
360	0.6515003674	0.600790287
361	0.6515003674	0.6007891614
362	0.6515003674	0.6007857888
363	0.6515003674	0.6007853191
364	0.6515003674	0.6007853148
365	0.6515003674	0.6007842
366	0.6515003674	0.6007829721
367	0.6515003674	0.6007820978
368	0.6515003674	0.6007814833
369	0.6515003674	0.6007813177
370	0.6515003674	0.6007809134
371	0.6515003674	0.600778022
372	0.6515003674	0.6007776063
373	0.6515003674	0.6007763706
374	0.6515003674	0.6007741858
375	0.6515003674	0.6007720381
376	0.6515003674	0.6007717803
377	0.6515003674	0.6007696153
378	0.6515003674	0.6007696126
379	0.6515003674	0.600769612
380	0.6515003674	0.6007695522
381	0.6515003674	0.6007689964
382	0.6515003674	0.6007686092
383	0.6515003674	0.6007675047
384	0.6515003674	0.6007674363
385	0.6515003674	0.6007582224
386	0.6515003674	0.6007571424
387	0.6515003674	0.6006746802
388	0.6515003674	0.6006699045
389	0.6515003674	0.6006684326
390	0.6515003674	0.6006652972
391	0.6515003674	0.6006652966
392	0.6515003674	0.6006652876
393	0.6515003674	0.6006645167
394	0.6515003674	0.6006637258
395	0.6515003674	0.6006628889
396	0.6515003674	0.6006625706
397	0.6515003674	0.6006604969
398	0.6515003674	0.6006583091
399	0.6515003674	0.6006516002
400	0.6515003674	0.6006510831
401	0.6515003674	0.6006486602
402	0.6515003674	0.6006484683
403	0.6515003674	0.6006479506
404	0.6515003674	0.6006479426
405	0.6515003674	0.6006473421
406	0.6515003674	0.6006472126
407	0.6515003674	0.6006461811
408	0.6515003674	0.600644888
409	0.6515003674	0.6006413519
410	0.6515003674	0.6006398299
411	0.6515003674	0.6006393288
412	0.6515003674	0.6006380676
413	0.6515003674	0.6006373762
414	0.6515003674	0.6006341208
415	0.6515003674	0.6006333876
416	0.6515003674	0.6006330344
417	0.6515003674	0.6006320349
418	0.6515003674	0.6006307939
419	0.6515003674	0.6006287036
420	0.6515003674	0.6006285783
421	0.6515003674	0.6006265932
422	0.6515003674	0.6006256195
423	0.6515003674	0.6006241676
424	0.6515003674	0.6006235638
425	0.6515003674	0.6006225401
426	0.6515003674	0.6006177893
427	0.6515003674	0.6006170782
428	0.6515003674	0.6006169598
429	0.6515003674	0.6006163487
430	0.6515003674	0.6006150585
431	0.6515003674	0.6006146963
432	0.6515003674	0.6006143532
433	0.6515003674	0.6006118901
434	0.6515003674	0.6006101596
435	0.6515003674	0.6006073064
436	0.6515003674	0.6006067763
437	0.6515003674	0.6006063023
438	0.6515003674	0.6006062567
439	0.6515003674	0.6006036644
440	0.6515003674	0.6006008697
441	0.6515003674	0.6005984431
442	0.6515003674	0.6005978527
443	0.6515003674	0.6005978451
444	0.6515003674	0.6005978391
445	0.6515003674	0.6005974249
446	0.6515003674	0.6005947622
447	0.6515003674	0.6005947603
448	0.6515003674	0.6005947407
449	0.6515003674	0.6005941071
450	0.6515003674	0.6005906071
451	0.6515003674	0.6005896937
452	0.6515003674	0.6005865255
453	0.6515003674	0.6005849494
454	0.6515003674	0.6005844997
455	0.6515003674	0.6005841169
456	0.6515003674	0.600582456
457	0.6515003674	0.6005820902
458	0.6515003674	0.6005807209
459	0.6515003674	0.6005806401
460	0.6515003674	0.600580491
461	0.6515003674	0.6005772559
462	0.6515003674	0.6005772532
463	0.6515003674	0.6005751303
464	0.6515003674	0.6005751285
465	0.6515003674	0.6005751276
466	0.6515003674	0.6005751266
467	0.6515003674	0.6005751266
468	0.6515003674	0.6005751266
469	0.6515003674	0.6005751248
470	0.6515003674	0.6005751248
471	0.6515003674	0.6005751248
472	0.6515003674	0.6005751239
473	0.6515003674	0.6005751239
474	0.6515003674	0.6005751234
475	0.6515003674	0.6005751234
476	0.6515003674	0.6005751234
477	0.6515003674	0.6005745311
478	0.6515003674	0.60057383
479	0.6515003674	0.6005733709
480	0.6515003674	0.6005722166
481	0.6515003674	0.6005713286
482	0.6515003674	0.6005706298
483	0.6515003674	0.6005706298
484	0.6515003674	0.6005705742
485	0.6515003674	0.6005025043
486	0.6515003674	0.6005010987
487	0.6515003674	0.6004987827
488	0.6515003674	0.6004968054
489	0.6515003674	0.6004956837
490	0.6515003674	0.6004946341
491	0.6515003674	0.6004940185
492	0.6515003674	0.6004932352
493	0.6515003674	0.6004893481
494	0.6515003674	0.600489173
495	0.6515003674	0.6004878797
496	0.6515003674	0.6004878435
497	0.6515003674	0.6004877295
498	0.6515003674	0.6004877293
499	0.6515003674	0.6004877214
500	0.6515003674	0.6004857996
501	0.6515003674	0.6004856305
502	0.6515003674	0.60048552
503	0.6515003674	0.6004852258
504	0.6515003674	0.6004847075
505	0.6515003674	0.6004844645
506	0.6515003674	0.6004841381
507	0.6515003674	0.6004808511
508	0.6515003674	0.6004769204
509	0.6515003674	0.6004767323
510	0.6515003674	0.6004765739
511	0.6515003674	0.6004765739
512	0.6515003674	0.6004765739
513	0.6515003674	0.600476573
514	0.6515003674	0.600476573
515	0.6515003674	0.6004765707
516	0.6515003674	0.6004765681
517	0.6515003674	0.6004749618
518	0.6515003674	0.6004746446
519	0.6515003674	0.600474133
520	0.6515003674	0.6004715952
521	0.6515003674	0.6004700919
522	0.6515003674	0.6004696145
523	0.6515003674	0.600467131
524	0.6515003674	0.6004658887
525	0.6515003674	0.600465158
526	0.6515003674	0.6004649471
527	0.6515003674	0.6004645263
528	0.6515003674	0.6004636882
529	0.6515003674	0.6004632527
530	0.6515003674	0.6004630706
531	0.6515003674	0.600462129
532	0.6515003674	0.6004612336
533	0.6515003674	0.6004601894
534	0.6515003674	0.600459255
535	0.6515003674	0.6004588407
536	0.6515003674	0.6004583695
537	0.6515003674	0.6004574423
538	0.6515003674	0.6004569557
539	0.6515003674	0.6004563294
540	0.6515003674	0.6004562329
541	0.6515003674	0.6004551206
542	0.6515003674	0.6004550217
543	0.6515003674	0.6004537947
544	0.6515003674	0.6004537252
545	0.6515003674	0.6004523758
546	0.6515003674	0.6004500523
547	0.6515003674	0.6004492253
548	0.6515003674	0.6004484069
549	0.6515003674	0.6004472136
550	0.6515003674	0.6004471888
551	0.6515003674	0.6004469859
552	0.6515003674	0.6004462597
553	0.6515003674	0.6004453229
554	0.6515003674	0.6004434989
555	0.6515003674	0.6004432532
556	0.6515003674	0.6004421007
557	0.6515003674	0.6004419768
558	0.6515003674	0.6004393746
559	0.6515003674	0.6004377721
560	0.6515003674	0.6004364322
561	0.6515003674	0.6004364217
562	0.6515003674	0.6004360872
563	0.6515003674	0.6004360854
564	0.6515003674	0.6004360846
565	0.6515003674	0.6003634756
566	0.6515003674	0.600359863
567	0.6515003674	0.6003570995
568	0.6515003674	0.6003556065
569	0.6515003674	0.6003552441
570	0.6515003674	0.6003540866
571	0.6515003674	0.6003511868
572	0.6515003674	0.6003492013
573	0.6515003674	0.6003479985
574	0.6515003674	0.6003472152
575	0.6515003674	0.6003467126
576	0.6515003674	0.6003464528
577	0.6515003674	0.6003453926
578	0.6515003674	0.6002778051
579	0.6515003674	0.60027358
580	0.6515003674	0.6002724993
581	0.6515003674	0.6002704977
582	0.6515003674	0.6002689689
583	0.6515003674	0.6002668516
584	0.6515003674	0.6002645557
585	0.6515003674	0.600263764
586	0.6515003674	0.600263764
587	0.6515003674	0.6002629842
588	0.6515003674	0.6002613461
589	0.6515003674	0.6002606534
590	0.6515003674	0.600259479
591	0.6515003674	0.6002585747
592	0.6515003674	0.600256715
593	0.6515003674	0.6002565069
594	0.6515003674	0.6002565053
595	0.6515003674	0.6002565046
596	0.6515003674	0.6002555261
597	0.6515003674	0.6002549791
598	0.6515003674	0.6002549158
599	0.6515003674	0.6002545375
600	0.6515003674	0.6002545336
601	0.6515003674	0.6002545336
602	0.6515003674	0.6002545321
603	0.6515003674	0.6002545305
604	0.6515003674	0.6002543315
605	0.6515003674	0.6002529822
606	0.6515003674	0.6002529788
607	0.6515003674	0.6002529727
608	0.6515003674	0.6002529525
609	0.6515003674	0.6002513906
610	0.6515003674	0.6002511646
611	0.6515003674	0.6002511438
612	0.6515003674	0.600251143
613	0.6515003674	0.6002503384
614	0.6515003674	0.6002491616
615	0.6515003674	0.6002485544
616	0.6515003674	0.6002479008
617	0.6515003674	0.6002465233
618	0.6515003674	0.6001885812
619	0.6515003674	0.600178815
620	0.6515003674	0.6001779647
621	0.6515003674	0.6001779555
622	0.6515003674	0.6001770486
623	0.6515003674	0.600176606
624	0.6515003674	0.6001742241
625	0.6515003674	0.6001742227
626	0.6515003674	0.6001740221
627	0.6515003674	0.6001721252
628	0.6515003674	0.6001707954
629	0.6515003674	0.6001698615
630	0.6515003674	0.6001692265
631	0.6515003674	0.6001688353
632	0.6515003674	0.6001687652
633	0.6515003674	0.6001685727
634	0.6515003674	0.6001684478
635	0.6515003674	0.6001680287
636	0.6515003674	0.6001678251
637	0.6515003674	0.6001677511
638	0.6515003674	0.6001673828
639	0.6515003674	0.6001664488
640	0.6515003674	0.6001664374
641	0.6515003674	0.600166426
642	0.6515003674	0.6001662117
643	0.6515003674	0.6001655325
644	0.6515003674	0.6001653253
645	0.6515003674	0.6001649329
646	0.6515003674	0.6001649097
647	0.6515003674	0.6001621804
648	0.6515003674	0.6001621223
649	0.6515003674	0.600161198
650	0.6515003674	0.6001611174
651	0.6515003674	0.6001605835
652	0.6515003674	0.6001605834
653	0.6515003674	0.6001555987
654	0.6515003674	0.6001554206
655	0.6515003674	0.6001531805
656	0.6515003674	0.6001531472
657	0.6515003674	0.6001530491
658	0.6515003674	0.600151589
659	0.6515003674	0.6001511879
660	0.6515003674	0.6001509544
661	0.6515003674	0.6001501736
662	0.6515003674	0.6001478791
663	0.6515003674	0.6001478681
664	0.6515003674	0.6001474175
665	0.6515003674	0.6001473703
666	0.6515003674	0.6001455556
667	0.6515003674	0.6001452345
668	0.6515003674	0.6001452275
669	0.6515003674	0.600145222
670	0.6515003674	0.6001451673
671	0.6515003674	0.6001451571
672	0.6515003674	0.6001441152
673	0.6515003674	0.6001435968
674	0.6515003674	0.6001435546
675	0.6515003674	0.6001430379
676	0.6515003674	0.6001426944
677	0.6515003674	0.6001422674
678	0.6515003674	0.6001419238
679	0.6515003674	0.6001412351
680	0.6515003674	0.6001401754
681	0.6515003674	0.600139816
682	0.6515003674	0.600139795
683	0.6515003674	0.6001396263
684	0.6515003674	0.6001385958
685	0.6515003674	0.6001384625
686	0.6515003674	0.6001374078
687	0.6515003674	0.6001369404
688	0.6515003674	0.600135954
689	0.6515003674	0.6001358298
690	0.6515003674	0.6001358295
691	0.6515003674	0.6001356334
692	0.6515003674	0.6001340952
693	0.6515003674	0.6001338064
694	0.6515003674	0.6001333108
695	0.6515003674	0.6001329781
696	0.6515003674	0.6001322769
697	0.6515003674	0.6001322407
698	0.6515003674	0.6001320574
699	0.6515003674	0.6001319074
700	0.6515003674	0.6001318238
701	0.6515003674	0.6001309958
702	0.6515003674	0.6001289437
703	0.6515003674	0.6001281335
704	0.6515003674	0.6001277937
705	0.6515003674	0.6001258084
706	0.6515003674	0.6001251693
707	0.6515003674	0.6001243738
708	0.6515003674	0.6001237622
709	0.6515003674	0.6001236377
710	0.6515003674	0.6001234758
711	0.6515003674	0.6001225156
712	0.6515003674	0.6001217132
713	0.6515003674	0.6001215644
714	0.6515003674	0.6001213314
715	0.6515003674	0.6001206971
716	0.6515003674	0.6001188103
717	0.6515003674	0.6001186389
718	0.6515003674	0.6001168409
719	0.6515003674	0.6001158451
720	0.6515003674	0.6001156526
721	0.6515003674	0.6001142414
722	0.6515003674	0.6001129853
723	0.6515003674	0.6001118101
724	0.6515003674	0.6001117981
725	0.6515003674	0.6001107875
726	0.6515003674	0.6001095508
727	0.6515003674	0.6001083212
728	0.6515003674	0.6001074026
729	0.6515003674	0.6001071924
730	0.6515003674	0.6001071909
731	0.6515003674	0.6001069618
732	0.6515003674	0.6001067255
733	0.6515003674	0.6001060032
734	0.6515003674	0.6001056989
735	0.6515003674	0.6001046387
736	0.6515003674	0.600104165
737	0.6515003674	0.6001035616
738	0.6515003674	0.6001030897
739	0.6515003674	0.6001030781
740	0.6515003674	0.6001021353
741	0.6515003674	0.6001016239
742	0.6515003674	0.6001007618
743	0.6515003674	0.6000992524
744	0.6515003674	0.6000991514
745	0.6515003674	0.6000981288
746	0.6515003674	0.6000972006
747	0.6515003674	0.6000968652
748	0.6515003674	0.6000967724
749	0.6515003674	0.6000959206
750	0.6515003674	0.6000959202
751	0.6515003674	0.6000958824
752	0.6515003674	0.6000955924
753	0.6515003674	0.6000948085
754	0.6515003674	0.6000376587
755	0.6515003674	0.6000374443
756	0.6515003674	0.6000363475
757	0.6515003674	0.6000363465
758	0.6515003674	0.600036258
759	0.6515003674	0.6000337605
760	0.6515003674	0.6000320409
761	0.6515003674	0.6000313959
762	0.6515003674	0.6000309838
763	0.6515003674	0.6000309721
764	0.6515003674	0.6000304894
765	0.6515003674	0.6000299254
766	0.6515003674	0.6000287023
767	0.6515003674	0.6000285217
768	0.6515003674	0.6000278592
769	0.6515003674	0.6000277712
770	0.6515003674	0.6000260035
771	0.6515003674	0.6000256004
772	0.6515003674	0.6000255394
773	0.6515003674	0.6000254763
774	0.6515003674	0.6000252773
775	0.6515003674	0.6000252154
776	0.6515003674	0.6000245663
777	0.6515003674	0.6000236597
778	0.6515003674	0.6000236491
779	0.6515003674	0.6000236491
780	0.6515003674	0.6000232927
781	0.6515003674	0.6000229031
782	0.6515003674	0.6000226924
783	0.6515003674	0.6000226831
784	0.6515003674	0.6000223309
785	0.6515003674	0.6000212531
786	0.6515003674	0.6000212477
787	0.6515003674	0.6000212431
788	0.6515003674	0.6000212425
789	0.6515003674	0.6000212379
790	0.6515003674	0.599956101
791	0.6515003674	0.5999553689
792	0.6515003674	0.5999543213
793	0.6515003674	0.5999538375
794	0.6515003674	0.5999526698
795	0.6515003674	0.5999516773
796	0.6515003674	0.59994998
797	0.6515003674	0.5999490005
798	0.6515003674	0.5999485318
799	0.6515003674	0.5999475679
800	0.6515003674	0.5999472359
801	0.6515003674	0.5999464639
802	0.6515003674	0.5999460254
803	0.6515003674	0.5999460245
804	0.6515003674	0.5999458342
805	0.6515003674	0.5999457971
806	0.6515003674	0.5999445383
807	0.6515003674	0.5999445198
808	0.6515003674	0.5999442977
809	0.6515003674	0.5999442718
810	0.6515003674	0.59994368
811	0.6515003674	0.599943132
812	0.6515003674	0.5999431259
813	0.6515003674	0.5999431234
814	0.6515003674	0.5999423936
815	0.6515003674	0.5999421033
816	0.6515003674	0.5999415215
817	0.6515003674	0.599940312
818	0.6515003674	0.5999403117
819	0.6515003674	0.5999403057
820	0.6515003674	0.5999402877
821	0.6515003674	0.5999402387
822	0.6515003674	0.5999399506
823	0.6515003674	0.5999392688
824	0.6515003674	0.5999386943
825	0.6515003674	0.5999382143
826	0.6515003674	0.5999373289
827	0.6515003674	0.5999367651
828	0.6515003674	0.5999367138
829	0.6515003674	0.5999361994
830	0.6515003674	0.5999347035
831	0.6515003674	0.5998749813
832	0.6515003674	0.5998743644
833	0.6515003674	0.5998725575
834	0.6515003674	0.5998712954
835	0.6515003674	0.599870942
836	0.6515003674	0.599870498
837	0.6515003674	0.5998702707
838	0.6515003674	0.5998701953
839	0.6515003674	0.5998700883
840	0.6515003674	0.5998691887
841	0.6515003674	0.5998683626
842	0.6515003674	0.5998680589
843	0.6515003674	0.599867324
844	0.6515003674	0.5998668102
845	0.6515003674	0.5998668038
846	0.6515003674	0.5998662982
847	0.6515003674	0.5998646939
848	0.6515003674	0.5998645356
849	0.6515003674	0.5998645353
850	0.6515003674	0.5998642213
851	0.6515003674	0.5998637508
852	0.6515003674	0.5998633628
853	0.6515003674	0.5998625127
854	0.6515003674	0.599862311
855	0.6515003674	0.5998617121
856	0.6515003674	0.5998608636
857	0.6515003674	0.5998599993
858	0.6515003674	0.5998597504
859	0.6515003674	0.5998591152
860	0.6515003674	0.5998591152
861	0.6515003674	0.599856856
862	0.6515003674	0.5998562187
863	0.6515003674	0.599855371
864	0.6515003674	0.5998549506
865	0.6515003674	0.5998546873
866	0.6515003674	0.5998541295
867	0.6515003674	0.5998534346
868	0.6515003674	0.5998534302
869	0.6515003674	0.5998534216
870	0.6515003674	0.5998529531
871	0.6515003674	0.5998527963
872	0.6515003674	0.5998515687
873	0.6515003674	0.5998515645
874	0.6515003674	0.5998515602
875	0.6515003674	0.5998514198
876	0.6515003674	0.5998514194
877	0.6515003674	0.5998514118
878	0.6515003674	0.599850069
879	0.6515003674	0.5998499349
880	0.6515003674	0.5998492517
881	0.6515003674	0.5998486548
882	0.6515003674	0.599848409
883	0.6515003674	0.5998482099
884	0.6515003674	0.5998481745
885	0.6515003674	0.599848171
886	0.6515003674	0.5998481648
887	0.6515003674	0.5998480421
888	0.6515003674	0.5998479912
889	0.6515003674	0.5998472604
890	0.6515003674	0.5998465596
891	0.6515003674	0.5998465202
892	0.6515003674	0.5998463879
893	0.6515003674	0.5998463837
894	0.6515003674	0.5998460586
895	0.6515003674	0.5998459865
896	0.6515003674	0.5998456735
897	0.6515003674	0.5998456301
898	0.6515003674	0.5998450929
899	0.6515003674	0.5998450334
900	0.6515003674	0.5998443881
901	0.6515003674	0.5998429789
902	0.6515003674	0.5998418998
903	0.6515003674	0.5998414135
904	0.6515003674	0.5998411456
905	0.6515003674	0.599840232
906	0.6515003674	0.5998387232
907	0.6515003674	0.5998385452
908	0.6515003674	0.5998378986
909	0.6515003674	0.5998375041
910	0.6515003674	0.599837119
911	0.6515003674	0.599837119
912	0.6515003674	0.599837045
913	0.6515003674	0.5998361515
914	0.6515003674	0.5998361475
915	0.6515003674	0.5998361435
916	0.6515003674	0.599836143
917	0.6515003674	0.5998361411
918	0.6515003674	0.5998361401
919	0.6515003674	0.5998361391
920	0.6515003674	0.5998361391
921	0.6515003674	0.5998361381
922	0.6515003674	0.5998361374
923	0.6515003674	0.5998361334
924	0.6515003674	0.5998361295
925	0.6515003674	0.5998361289
926	0.6515003674	0.5998361269
927	0.6515003674	0.5998361249
928	0.6515003674	0.5998361228
929	0.6515003674	0.5998360498
930	0.6515003674	0.5998356741
931	0.6515003674	0.599834787
932	0.6515003674	0.5998345014
933	0.6515003674	0.5998342525
934	0.6515003674	0.5998340539
935	0.6515003674	0.5998337343
936	0.6515003674	0.5998331535
937	0.6515003674	0.5998326691
938	0.6515003674	0.5997743771
939	0.6515003674	0.5997730448
940	0.6515003674	0.599771844
941	0.6515003674	0.5997708168
942	0.6515003674	0.5997706413
943	0.6515003674	0.599769857
944	0.6515003674	0.5997697791
945	0.6515003674	0.5997694154
946	0.6515003674	0.5997662683
947	0.6515003674	0.599765831
948	0.6515003674	0.5997658307
949	0.6515003674	0.5997658296
950	0.6515003674	0.5997657889
951	0.6515003674	0.5997656748
952	0.6515003674	0.599765591
953	0.6515003674	0.5997652548
954	0.6515003674	0.5997651115
955	0.6515003674	0.599765111
956	0.6515003674	0.5997647877
957	0.6515003674	0.5997642889
958	0.6515003674	0.5997642741
959	0.6515003674	0.5997637708
960	0.6515003674	0.599762953
961	0.6515003674	0.5997627616
962	0.6515003674	0.5997624799
963	0.6515003674	0.5997613163
964	0.6515003674	0.5997608173
965	0.6515003674	0.5997591571
966	0.6515003674	0.5997591191
967	0.6515003674	0.5997588563
968	0.6515003674	0.5997583178
969	0.6515003674	0.5997582515
970	0.6515003674	0.5997582494
971	0.6515003674	0.5997582452
972	0.6515003674	0.5997580399
973	0.6515003674	0.5997575072
974	0.6515003674	0.599756857
975	0.6515003674	0.5997554375
976	0.6515003674	0.5997544157
977	0.6515003674	0.5997543996
978	0.6515003674	0.5997541455
979	0.6515003674	0.59975339
980	0.6515003674	0.5997533272
981	0.6515003674	0.5997531034
982	0.6515003674	0.5997528223
983	0.6515003674	0.5997524292
984	0.6515003674	0.5997518364
985	0.6515003674	0.599751739
986	0.6515003674	0.5997517387
987	0.6515003674	0.5997516064
988	0.6515003674	0.5997513425
989	0.6515003674	0.5997512032
990	0.6515003674	0.5997511785
991	0.6515003674	0.5997503185
992	0.6515003674	0.5997502916
993	0.6515003674	0.5997488958
994	0.6515003674	0.5997480519
995	0.6515003674	0.5997473221
996	0.6515003674	0.5997473217
997	0.6515003674	0.5997472618
998	0.6515003674	0.5997471425
999	0.6515003674	0.5997454391
1000	0.6515003674	0.5997454385
1001	0.6515003674	0.5997451902
1002	0.6515003674	0.5997451892
1003	0.6515003674	0.5997451888
1004	0.6515003674	0.5997451888
1005	0.6515003674	0.5997450882
1006	0.6515003674	0.5997445924
1007	0.6515003674	0.5997443522
1008	0.6515003674	0.5997439947
1009	0.6515003674	0.5997439645
1010	0.6515003674	0.5997436217
1011	0.6515003674	0.5997432469
1012	0.6515003674	0.599743154
1013	0.6515003674	0.5997429976
1014	0.6515003674	0.5997418693
1015	0.6515003674	0.5997418656
1016	0.6515003674	0.5997410203
1017	0.6515003674	0.5997409605
1018	0.6515003674	0.5997404839
1019	0.6515003674	0.5997404613
1020	0.6515003674	0.5997397685
1021	0.6515003674	0.5997396603
1022	0.6515003674	0.5997386542
1023	0.6515003674	0.5997383941
1024	0.6515003674	0.5997382723
1025	0.6515003674	0.5997380119
1026	0.6515003674	0.5997375396
1027	0.6515003674	0.5997373038
1028	0.6515003674	0.5997370684
1029	0.6515003674	0.5997368541
1030	0.6515003674	0.5997363301
1031	0.6515003674	0.599735283
1032	0.6515003674	0.5997351279
1033	0.6515003674	0.5997350069
1034	0.6515003674	0.5997336283
1035	0.6515003674	0.5997331282
1036	0.6515003674	0.5997331271
1037	0.6515003674	0.5997331198
1038	0.6515003674	0.5997328357
1039	0.6515003674	0.5997325904
1040	0.6515003674	0.5997324289
1041	0.6515003674	0.5997324284
1042	0.6515003674	0.5997324252
1043	0.6515003674	0.5997322417
1044	0.6515003674	0.5997315814
1045	0.6515003674	0.5997307361
1046	0.6515003674	0.5997302597
1047	0.6515003674	0.5997302005
1048	0.6515003674	0.5997300823
1049	0.6515003674	0.5997300511
1050	0.6515003674	0.5997299458
1051	0.6515003674	0.5997289495
1052	0.6515003674	0.5997283622
1053	0.6515003674	0.5997283621
1054	0.6515003674	0.5997283586
1055	0.6515003674	0.5997283564
1056	0.6515003674	0.5997283413
1057	0.6515003674	0.5997275394
1058	0.6515003674	0.5997275394
1059	0.6515003674	0.5997275394
1060	0.6515003674	0.5997275391
1061	0.6515003674	0.5997275382
1062	0.6515003674	0.5997275377
1063	0.6515003674	0.5997275377
1064	0.6515003674	0.5997275373
1065	0.6515003674	0.5996718581
1066	0.6515003674	0.599670734
1067	0.6515003674	0.5996701514
1068	0.6515003674	0.5996699595
1069	0.6515003674	0.599669114
1070	0.6515003674	0.5996684991
1071	0.6515003674	0.5996681923
1072	0.6515003674	0.5996678837
1073	0.6515003674	0.5996678744
1074	0.6515003674	0.5996674455
1075	0.6515003674	0.5996671683
1076	0.6515003674	0.5996665224
1077	0.6515003674	0.5996663321
1078	0.6515003674	0.5996651336
1079	0.6515003674	0.5996646012
1080	0.6515003674	0.5996644818
1081	0.6515003674	0.5996637636
1082	0.6515003674	0.5996631067
1083	0.6515003674	0.5996618423
1084	0.6515003674	0.5996613428
1085	0.6515003674	0.5996611148
1086	0.6515003674	0.5996607604
1087	0.6515003674	0.5996602848
1088	0.6515003674	0.5996596953
1089	0.6515003674	0.5996594954
1090	0.6515003674	0.5996593238
1091	0.6515003674	0.5996593033
1092	0.6515003674	0.5996588701
1093	0.6515003674	0.5996586554
1094	0.6515003674	0.5996580061
1095	0.6515003674	0.5996579712
1096	0.6515003674	0.5996578476
1097	0.6515003674	0.5996573134
1098	0.6515003674	0.5996572915
1099	0.6515003674	0.5996572891
1100	0.6515003674	0.5996571982
1101	0.6515003674	0.5996571202
1102	0.6515003674	0.5996569441
1103	0.6515003674	0.5996567989
1104	0.6515003674	0.599656791
1105	0.6515003674	0.5996558451
1106	0.6515003674	0.5996552514
1107	0.6515003674	0.5996552488
1108	0.6515003674	0.599654273
1109	0.6515003674	0.5996541014
1110	0.6515003674	0.5996539486
1111	0.6515003674	0.5996523829
1112	0.6515003674	0.5996514098
1113	0.6515003674	0.5996512641
1114	0.6515003674	0.5996509251
1115	0.6515003674	0.5996501426
1116	0.6515003674	0.5996501063
1117	0.6515003674	0.5996498673
1118	0.6515003674	0.5996498603
1119	0.6515003674	0.5996497974
1120	0.6515003674	0.5996493529
1121	0.6515003674	0.5996493505
1122	0.6515003674	0.5996481133
1123	0.6515003674	0.5996476749
1124	0.6515003674	0.5996470315
1125	0.6515003674	0.5996470311
1126	0.6515003674	0.5996470301
1127	0.6515003674	0.5996470301
1128	0.6515003674	0.5996470301
1129	0.6515003674	0.5996470292
1130	0.6515003674	0.5996470288
1131	0.6515003674	0.5996470283
1132	0.6515003674	0.5996470283
1133	0.6515003674	0.5996470081
1134	0.6515003674	0.5996463595
1135	0.6515003674	0.5996462312
1136	0.6515003674	0.5996457015
1137	0.6515003674	0.5996451506
1138	0.6515003674	0.599644366
1139	0.6515003674	0.5996437536
1140	0.6515003674	0.5996436403
1141	0.6515003674	0.5996435283
1142	0.6515003674	0.5996433057
1143	0.6515003674	0.5996428101
1144	0.6515003674	0.5996424996
1145	0.6515003674	0.5996424995
1146	0.6515003674	0.5996424927
1147	0.6515003674	0.5996424311
1148	0.6515003674	0.5996419972
1149	0.6515003674	0.5996418571
1150	0.6515003674	0.5995882247
1151	0.6515003674	0.5995879661
1152	0.6515003674	0.5995877534
1153	0.6515003674	0.5995866533
1154	0.6515003674	0.5995864533
1155	0.6515003674	0.5995856622
1156	0.6515003674	0.5995852474
1157	0.6515003674	0.5995849387
1158	0.6515003674	0.5995840572
1159	0.6515003674	0.5995831789
1160	0.6515003674	0.5995828746
1161	0.6515003674	0.5995824144
1162	0.6515003674	0.5995822614
1163	0.6515003674	0.5995820573
1164	0.6515003674	0.5995813019
1165	0.6515003674	0.5995810088
1166	0.6515003674	0.5995806653
1167	0.6515003674	0.5995802688
1168	0.6515003674	0.5995800346
1169	0.6515003674	0.5995798028
1170	0.6515003674	0.5995791917
1171	0.6515003674	0.5995790812
1172	0.6515003674	0.5995789288
1173	0.6515003674	0.5995781197
1174	0.6515003674	0.5995778829
1175	0.6515003674	0.5995776313
1176	0.6515003674	0.5995774711
1177	0.6515003674	0.5995770119
1178	0.6515003674	0.599576976
1179	0.6515003674	0.5995765877
1180	0.6515003674	0.5995765867
1181	0.6515003674	0.599576586
1182	0.6515003674	0.5995765851
1183	0.6515003674	0.5995765829
1184	0.6515003674	0.5995761126
1185	0.6515003674	0.5995751466
1186	0.6515003674	0.5995750267
1187	0.6515003674	0.5995744888
1188	0.6515003674	0.5995743762
1189	0.6515003674	0.5995738509
1190	0.6515003674	0.5995736153
1191	0.6515003674	0.5995735145
1192	0.6515003674	0.599573286
1193	0.6515003674	0.5995732537
1194	0.6515003674	0.5995729271
1195	0.6515003674	0.5995720988
1196	0.6515003674	0.5995718664
1197	0.6515003674	0.5995718654
1198	0.6515003674	0.5995717881
1199	0.6515003674	0.5995711726
1200	0.6515003674	0.599570764
1201	0.6515003674	0.5995707137
1202	0.6515003674	0.5995707058
1203	0.6515003674	0.5995704428
1204	0.6515003674	0.5995697581
1205	0.6515003674	0.5995696779
1206	0.6515003674	0.5995695197
1207	0.6515003674	0.599569266
1208	0.6515003674	0.599569118
1209	0.6515003674	0.5995688592
1210	0.6515003674	0.5995686256
1211	0.6515003674	0.599568066
1212	0.6515003674	0.5995676283
1213	0.6515003674	0.5995676192
1214	0.6515003674	0.5995676192
1215	0.6515003674	0.5995676189
1216	0.6515003674	0.5995676186
1217	0.6515003674	0.5995676182
1218	0.6515003674	0.5995676174
1219	0.6515003674	0.5995676165
1220	0.6515003674	0.5995676156
1221	0.6515003674	0.5995676151
1222	0.6515003674	0.5995676142
1223	0.6515003674	0.5995676134
1224	0.6515003674	0.5995676126
1225	0.6515003674	0.5995676117
1226	0.6515003674	0.5995676109
1227	0.6515003674	0.5995676105
1228	0.6515003674	0.599567417
1229	0.6515003674	0.599567315
1230	0.6515003674	0.5995673141
1231	0.6515003674	0.5995672874
1232	0.6515003674	0.5995660026
1233	0.6515003674	0.5995660025
1234	0.6515003674	0.5995660008
1235	0.6515003674	0.5995659998
1236	0.6515003674	0.5995659982
1237	0.6515003674	0.5995657253
1238	0.6515003674	0.5995655666
1239	0.6515003674	0.5995652607
1240	0.6515003674	0.5995647334
1241	0.6515003674	0.5995646303
1242	0.6515003674	0.5995641935
1243	0.6515003674	0.5995635365
1244	0.6515003674	0.5995635365
1245	0.6515003674	0.5995633334
1246	0.6515003674	0.5995631328
1247	0.6515003674	0.5995623397
1248	0.6515003674	0.5995623212
1249	0.6515003674	0.5995621995
1250	0.6515003674	0.5995621279
1251	0.6515003674	0.5995619616
1252	0.6515003674	0.5995616098
1253	0.6515003674	0.5995612106
1254	0.6515003674	0.5995611838
